Chord progression ; Tonality; Variable selection strategy; Value selection strategy; Optimal solution found; Time to prove optimality; ;       Best solution Statistics; Nodes traversed; Failed nodes explored; Restarts performed; Propagators executed; No       goods generated; Maximal depth of explored tree; number of incomplete chords; number of 4 notes diminished chords;      number of chords with less than 4 notes; number of fundamental chords without doubled bass; cost of melodic intervals;       number of common notes in the same voice;;       Total search statistics; Nodes traversed; Failed nodes explored; Restarts performed; Propagators executed; No       goods generated; Maximal depth of explored tree; ; Intermediate solutions ;time; number of 4 note diminished chords;      number of chords with 3 notes; number of fundamental state chords without doubled bass; number of incomplete chords;       number of common notes in the soprano; number of common notes in the same voice; cost of melodic intervals; ;;;;;;;;;;;;;;;;;;;;;;;;;;;;;;;;;;;;;;;;;;;;;;;;;;;;;;;;;;;;;;;;;;;;;;;;;;;;;;;;;;;;;;;;;;;;;;;;;;;;;;;;;;;;;;;;;;;;;;;;;;;;;;;;;;;;;;;;;;;;;;;;;;;;;;;;;;;;;;;;;;;;;;;;;;;;;;;;;;;;;;;;;;;;;;;;;;;;;;;;;;;;;;;;;;;;;;;;;;;;;;;;;;;;;;;;;;;;;;;;;;;;;;;;;;;;;;;;;;;;;;;;;;;;;;;;;;;;;;;;;;;;;;;;;;;;;;;;;;;;;;;;;;;;;;;;;;;;;;;;;;;;;;;;;;;;;;;;;;;;;;;;;;;;;;;;;;;;;;;;;;;;;;;;;;;;;;;;;;;;;;;;;;;;;;;;;;;;;;
I5-II6-IV5-V+6-I6-III5-VI5-V65/-I5-IV5-I64-V7+-I5 ; Ab Major ; Left to right ;Value random;1;6.639703;;;13078;6080;49;49149217;814;50;3;0;0;1;70;-11;;;15549;7316;50;60284305;829;50;;;0.039640 ;3;0;6;4;141;-8;;0.200504 ;3;0;4;4;170;-4;;0.236148 ;3;0;3;3;194;-8;;0.327123 ;3;0;1;3;166;-5;;0.392350 ;3;0;1;2;255;-5;;0.512304 ;3;0;1;2;168;-7;;0.553797 ;3;0;1;1;136;-7;;0.598721 ;3;0;0;2;147;-6;;0.658398 ;3;0;0;2;147;-10;;0.864090 ;3;0;0;2;142;-9;;0.920804 ;3;0;0;2;137;-8;;1.422345 ;3;0;0;2;125;-8;;1.453834 ;3;0;0;2;120;-8;;1.594263 ;3;0;0;2;115;-11;;1.636375 ;3;0;0;1;185;-7;;1.877614 ;3;0;0;1;181;-7;;1.987970 ;3;0;0;1;169;-6;;2.038537 ;3;0;0;1;141;-4;;2.137510 ;3;0;0;1;137;-10;;2.204752 ;3;0;0;1;135;-9;;2.249318 ;3;0;0;1;134;-8;;2.305214 ;3;0;0;1;131;-10;;2.446157 ;3;0;0;1;130;-10;;2.514339 ;3;0;0;1;125;-8;;2.854927 ;3;0;0;1;121;-8;;2.899378 ;3;0;0;1;121;-9;;2.945788 ;3;0;0;1;110;-9;;2.986817 ;3;0;0;1;109;-10;;3.023832 ;3;0;0;1;106;-9;;3.185980 ;3;0;0;1;101;-9;;3.238180 ;3;0;0;1;98;-10;;3.706151 ;3;0;0;1;96;-11;;3.856800 ;3;0;0;1;95;-10;;3.934679 ;3;0;0;1;93;-9;;4.241505 ;3;0;0;1;87;-10;;4.317163 ;3;0;0;1;85;-11;;4.560850 ;3;0;0;1;82;-11;;4.710942 ;3;0;0;1;76;-10;;5.763360 ;3;0;0;1;70;-11;;;;;;;;;;;;;;;;;;;;;;;;;;;;;;;;;;;;;;;;;;;;;;;;;;;;;;;;;;;;;;;;;;;;;;;;;;;;;;;;;;;;;;;;;;;;;;;;
I5-II6-IV5-V+6-I6-III5-VI5-V65/-I5-IV5-I64-V7+-I5 ; Bb Minor ; Left to right ;Value random;1;7.130334;;;15669;7290;58;59130318;1025;52;3;0;0;1;72;-11;;;17326;8119;59;65644637;1050;53;;;0.147918 ;3;0;1;2;301;-6;;0.185636 ;3;0;1;2;165;-8;;0.313634 ;3;0;1;2;141;-11;;0.358521 ;3;0;1;2;133;-8;;0.501611 ;3;0;1;2;125;-9;;0.592676 ;3;0;0;3;186;-7;;0.646130 ;3;0;0;3;174;-6;;0.975186 ;3;0;0;3;155;-7;;1.006855 ;3;0;0;2;187;-8;;1.100743 ;3;0;0;2;170;-9;;1.144070 ;3;0;0;2;166;-7;;1.280641 ;3;0;0;2;151;-8;;1.432942 ;3;0;0;2;149;-7;;1.449870 ;3;0;0;2;135;-11;;1.501643 ;3;0;0;2;130;-9;;1.707416 ;3;0;0;2;119;-7;;1.733494 ;3;0;0;2;118;-9;;1.974099 ;3;0;0;2;114;-9;;2.045181 ;3;0;0;2;108;-11;;2.249102 ;3;0;0;2;103;-12;;2.428741 ;3;0;0;2;96;-10;;2.456958 ;3;0;0;2;95;-10;;2.594201 ;3;0;0;2;94;-8;;2.612546 ;3;0;0;1;164;-7;;2.645574 ;3;0;0;1;161;-6;;3.147182 ;3;0;0;1;152;-6;;3.220800 ;3;0;0;1;152;-8;;3.254181 ;3;0;0;1;140;-5;;3.325881 ;3;0;0;1;133;-7;;3.453644 ;3;0;0;1;132;-9;;3.534561 ;3;0;0;1;129;-10;;3.647811 ;3;0;0;1;119;-8;;3.746355 ;3;0;0;1;118;-10;;3.800857 ;3;0;0;1;113;-7;;3.886902 ;3;0;0;1;112;-8;;3.928213 ;3;0;0;1;108;-10;;3.947594 ;3;0;0;1;101;-10;;4.038137 ;3;0;0;1;99;-9;;4.099901 ;3;0;0;1;98;-11;;4.302334 ;3;0;0;1;97;-6;;4.395742 ;3;0;0;1;92;-8;;4.503441 ;3;0;0;1;92;-10;;4.688727 ;3;0;0;1;90;-9;;4.911716 ;3;0;0;1;90;-10;;5.411263 ;3;0;0;1;84;-9;;5.462316 ;3;0;0;1;78;-10;;5.709059 ;3;0;0;1;77;-10;;5.991854 ;3;0;0;1;75;-10;;6.121072 ;3;0;0;1;74;-11;;6.367134 ;3;0;0;1;72;-11;;;;;;;;
I5-II6-IV5-V+6-I6-III5-VI5-V65/-I5-IV5-I64-V7+-I5 ; C Major ; Left to right ;Value random;1;7.141022;;;10585;4854;48;40978396;766;56;3;0;0;1;70;-11;;;14989;7042;51;61226458;822;56;;;0.072239 ;3;0;5;4;170;-5;;0.144852 ;3;0;3;4;158;-7;;0.200081 ;3;0;3;2;272;-5;;0.230574 ;3;0;2;4;204;-5;;0.262925 ;3;0;2;3;199;-6;;0.330658 ;3;0;2;3;184;-8;;0.418147 ;3;0;2;3;181;-5;;0.506218 ;3;0;2;3;179;-7;;0.529512 ;3;0;1;3;155;-7;;0.579339 ;3;0;1;2;202;-4;;0.641979 ;3;0;1;2;169;-4;;0.681674 ;3;0;0;4;249;-5;;1.164009 ;3;0;0;3;183;-5;;1.522546 ;3;0;0;2;227;-8;;1.568621 ;3;0;0;2;145;-7;;1.955700 ;3;0;0;2;140;-9;;1.991900 ;3;0;0;2;133;-11;;2.008289 ;3;0;0;1;208;-8;;2.041448 ;3;0;0;1;155;-5;;2.127203 ;3;0;0;1;155;-7;;2.171352 ;3;0;0;1;148;-6;;2.297781 ;3;0;0;1;140;-7;;2.335950 ;3;0;0;1;135;-9;;2.702449 ;3;0;0;1;129;-9;;2.772781 ;3;0;0;1;126;-9;;2.847256 ;3;0;0;1;122;-9;;2.891707 ;3;0;0;1;103;-10;;2.961212 ;3;0;0;1;101;-11;;3.150290 ;3;0;0;1;99;-8;;3.198543 ;3;0;0;1;99;-9;;3.362408 ;3;0;0;1;96;-11;;3.417983 ;3;0;0;1;91;-9;;3.734422 ;3;0;0;1;87;-9;;3.824344 ;3;0;0;1;85;-8;;4.075014 ;3;0;0;1;84;-9;;4.177463 ;3;0;0;1;82;-9;;4.734005 ;3;0;0;1;79;-9;;4.817676 ;3;0;0;1;76;-10;;5.095487 ;3;0;0;1;75;-11;;5.191689 ;3;0;0;1;70;-11;;;;;;;;;;;;;;;;;;;;;;;;;;;;;;;;;;;;;;;;;;;;;;;;;;;;;;;;;;;;;;;;;;;;;;;;;;;;;;;;;;;;;;;;
I5-II6-IV5-V+6-I6-III5-VI5-V65/-I5-IV5-I64-V7+-I5 ; C Minor ; Left to right ;Value random;1;6.865706;;;10108;4645;48;39305220;792;59;3;0;0;1;72;-11;;;14722;6945;51;58882225;830;59;;;0.224069 ;3;0;4;3;175;-5;;0.292809 ;3;0;2;2;195;-7;;0.328130 ;3;0;2;2;169;-8;;0.360194 ;3;0;0;2;221;-8;;0.604488 ;3;0;0;2;176;-8;;0.700370 ;3;0;0;2;174;-9;;1.066002 ;3;0;0;2;158;-6;;1.118103 ;3;0;0;2;149;-9;;1.222540 ;3;0;0;2;133;-9;;1.342479 ;3;0;0;2;130;-7;;1.439451 ;3;0;0;2;129;-9;;1.663093 ;3;0;0;1;188;-4;;1.696179 ;3;0;0;1;155;-6;;1.745516 ;3;0;0;1;151;-9;;1.932589 ;3;0;0;1;147;-7;;1.981565 ;3;0;0;1;146;-9;;2.275115 ;3;0;0;1;142;-6;;2.295384 ;3;0;0;1;141;-8;;2.372058 ;3;0;0;1;137;-9;;2.830982 ;3;0;0;1;133;-8;;2.877697 ;3;0;0;1;132;-9;;2.912705 ;3;0;0;1;131;-8;;2.984466 ;3;0;0;1;129;-9;;3.030733 ;3;0;0;1;125;-9;;3.196557 ;3;0;0;1;122;-10;;3.246803 ;3;0;0;1;117;-9;;3.284298 ;3;0;0;1;114;-11;;3.322643 ;3;0;0;1;110;-9;;3.389900 ;3;0;0;1;106;-9;;3.419955 ;3;0;0;1;102;-8;;3.518983 ;3;0;0;1;100;-10;;3.703827 ;3;0;0;1;98;-11;;3.904877 ;3;0;0;1;96;-9;;3.979120 ;3;0;0;1;95;-10;;4.309795 ;3;0;0;1;93;-10;;4.484352 ;3;0;0;1;87;-10;;4.741100 ;3;0;0;1;85;-11;;4.893795 ;3;0;0;1;84;-11;;4.945333 ;3;0;0;1;78;-10;;4.980569 ;3;0;0;1;72;-11;;;;;;;;;;;;;;;;;;;;;;;;;;;;;;;;;;;;;;;;;;;;;;;;;;;;;;;;;;;;;;;;;;;;;;;;;;;;;;;;;;;;;;;;
I5-II6-IV5-V+6-I6-III5-VI5-V65/-I5-IV5-I64-V7+-I5 ; Csharp Minor ; Left to right ;Value random;1;5.670035;;;11339;5298;41;43881966;696;52;3;0;0;1;72;-11;;;13810;6526;44;54795992;746;52;;;0.064632 ;3;0;2;2;165;-5;;0.218437 ;3;0;1;3;161;-9;;0.281414 ;3;0;1;2;244;-6;;0.406945 ;3;0;0;2;177;-4;;0.682316 ;3;0;0;2;173;-7;;1.118819 ;3;0;0;2;170;-7;;1.240392 ;3;0;0;2;157;-9;;1.288124 ;3;0;0;2;155;-6;;1.345290 ;3;0;0;2;155;-9;;1.405024 ;3;0;0;2;133;-7;;1.580836 ;3;0;0;2;131;-9;;1.599620 ;3;0;0;2;131;-10;;1.804417 ;3;0;0;1;221;-3;;1.857774 ;3;0;0;1;170;-5;;1.915147 ;3;0;0;1;168;-8;;1.972832 ;3;0;0;1;167;-9;;2.017269 ;3;0;0;1;165;-6;;2.030118 ;3;0;0;1;162;-7;;2.089685 ;3;0;0;1;150;-8;;2.136415 ;3;0;0;1;148;-9;;2.184557 ;3;0;0;1;144;-5;;2.271553 ;3;0;0;1;141;-8;;2.356465 ;3;0;0;1;121;-6;;2.482946 ;3;0;0;1;120;-9;;2.596261 ;3;0;0;1;104;-8;;3.055834 ;3;0;0;1;95;-10;;3.160506 ;3;0;0;1;91;-10;;3.457092 ;3;0;0;1;86;-9;;3.766388 ;3;0;0;1;85;-10;;4.068332 ;3;0;0;1;80;-10;;4.286285 ;3;0;0;1;78;-10;;4.426577 ;3;0;0;1;77;-11;;4.748422 ;3;0;0;1;72;-11;;;;;;;;;;;;;;;;;;;;;;;;;;;;;;;;;;;;;;;;;;;;;;;;;;;;;;;;;;;;;;;;;;;;;;;;;;;;;;;;;;;;;;;;;;;;;;;;;;;;;;;;;;;;;;;;;;;;;;;;;;;;;;;;;;;;;;;;;;;;;;;;
I5-II6-IV5-V+6-I6-III5-VI5-V65/-I5-IV5-I64-V7+-I5 ; E Major ; Left to right ;Value random;1;7.503590;;;12981;5930;56;51814858;939;53;3;0;0;1;70;-11;;;17246;8056;59;70799059;983;53;;;0.064170 ;3;0;3;3;199;-2;;0.101273 ;3;0;2;2;204;-5;;0.304278 ;3;0;2;2;142;-8;;0.401839 ;3;0;2;2;135;-9;;0.441462 ;3;0;2;1;183;-2;;0.491556 ;3;0;2;1;176;-6;;0.599716 ;3;0;2;1;163;-3;;0.636220 ;3;0;1;3;209;-4;;0.816157 ;3;0;1;3;140;-11;;0.860179 ;3;0;1;2;188;-5;;0.913442 ;3;0;1;2;174;-4;;0.962675 ;3;0;1;2;134;-9;;1.024415 ;3;0;1;2;132;-10;;1.062257 ;3;0;1;2;129;-6;;1.182280 ;3;0;1;2;127;-8;;1.244509 ;3;0;1;2;124;-7;;1.323111 ;3;0;1;2;121;-9;;1.464059 ;3;0;1;1;189;-7;;1.532677 ;3;0;1;1;185;-5;;1.569087 ;3;0;1;1;185;-6;;1.618349 ;3;0;1;1;170;-7;;1.691815 ;3;0;1;1;167;-7;;1.720429 ;3;0;0;2;202;-5;;1.974111 ;3;0;0;2;189;-7;;2.027014 ;3;0;0;2;187;-7;;2.074866 ;3;0;0;1;186;-6;;2.097108 ;3;0;0;1;145;-9;;2.132533 ;3;0;0;1;129;-9;;2.335748 ;3;0;0;1;122;-7;;2.601475 ;3;0;0;1;121;-6;;2.639740 ;3;0;0;1;118;-6;;2.790539 ;3;0;0;1;114;-8;;2.919760 ;3;0;0;1;114;-10;;3.216463 ;3;0;0;1;105;-10;;3.271259 ;3;0;0;1;103;-7;;3.687562 ;3;0;0;1;103;-9;;3.771991 ;3;0;0;1;100;-9;;3.848024 ;3;0;0;1;97;-8;;4.391700 ;3;0;0;1;97;-10;;4.442683 ;3;0;0;1;94;-10;;4.637417 ;3;0;0;1;93;-11;;4.815227 ;3;0;0;1;91;-10;;4.914239 ;3;0;0;1;86;-10;;5.021604 ;3;0;0;1;76;-10;;5.889594 ;3;0;0;1;75;-11;;6.015619 ;3;0;0;1;70;-11;;;;;;;;;;;;;;;;;;;;;;;;;;;;;;;;;;;;;;;;
I5-IV5-VII6-I6-III5-VI5-II6-V7+-I5 ; Ab Major ; Left to right ;Value random;1;0.943873;;;2897;1193;36;8041427;336;34;1;0;0;0;58;-7;;;4049;1764;40;12022639;358;34;;;0.056048 ;1;0;4;1;166;-2;;0.066964 ;1;0;1;2;148;-1;;0.074731 ;1;0;1;1;153;-3;;0.082031 ;1;0;1;1;153;-4;;0.090357 ;1;0;1;1;139;-5;;0.104502 ;1;0;1;0;152;-3;;0.111729 ;1;0;1;0;130;-4;;0.120807 ;1;0;1;0;115;-5;;0.126741 ;1;0;1;0;111;-4;;0.133090 ;1;0;1;0;101;-4;;0.149592 ;1;0;0;1;168;-2;;0.167501 ;1;0;0;1;96;-4;;0.187677 ;1;0;0;0;197;-2;;0.201068 ;1;0;0;0;117;-7;;0.210180 ;1;0;0;0;104;-5;;0.224715 ;1;0;0;0;93;-5;;0.244230 ;1;0;0;0;92;-6;;0.301441 ;1;0;0;0;88;-5;;0.311971 ;1;0;0;0;81;-5;;0.327093 ;1;0;0;0;79;-6;;0.337280 ;1;0;0;0;77;-6;;0.353524 ;1;0;0;0;75;-7;;0.363861 ;1;0;0;0;74;-6;;0.376120 ;1;0;0;0;72;-7;;0.408384 ;1;0;0;0;71;-6;;0.420770 ;1;0;0;0;70;-5;;0.427925 ;1;0;0;0;70;-7;;0.472630 ;1;0;0;0;67;-7;;0.487900 ;1;0;0;0;66;-6;;0.515898 ;1;0;0;0;63;-7;;0.662156 ;1;0;0;0;58;-7;;;;;;;;;;;;;;;;;;;;;;;;;;;;;;;;;;;;;;;;;;;;;;;;;;;;;;;;;;;;;;;;;;;;;;;;;;;;;;;;;;;;;;;;;;;;;;;;;;;;;;;;;;;;;;;;;;;;;;;;;;;;;;;;;;;;;;;;;;;;;;;;;;;;;;;;;;;;;;;;
I5-IV5-VII6-I6-III5-VI5-II6-V7+-I5 ; Bb Minor ; Left to right ;Value random;1;0.597786;;;2121;863;30;5627509;272;29;1;0;0;0;60;-7;;;3091;1344;33;8494983;293;32;;;0.007294 ;1;0;2;1;172;-3;;0.027739 ;1;0;1;1;112;-5;;0.045990 ;1;0;1;1;111;-6;;0.051881 ;1;0;1;0;109;-3;;0.062060 ;1;0;1;0;93;-4;;0.074671 ;1;0;0;1;144;-4;;0.091930 ;1;0;0;1;107;-4;;0.107403 ;1;0;0;1;103;-4;;0.137455 ;1;0;0;0;174;-4;;0.144148 ;1;0;0;0;109;-5;;0.149917 ;1;0;0;0;104;-5;;0.158429 ;1;0;0;0;102;-4;;0.174911 ;1;0;0;0;90;-5;;0.212372 ;1;0;0;0;90;-6;;0.240037 ;1;0;0;0;85;-6;;0.249834 ;1;0;0;0;84;-5;;0.257147 ;1;0;0;0;81;-7;;0.354606 ;1;0;0;0;80;-6;;0.366406 ;1;0;0;0;75;-6;;0.375217 ;1;0;0;0;74;-7;;0.394308 ;1;0;0;0;72;-7;;0.414222 ;1;0;0;0;69;-7;;0.418600 ;1;0;0;0;64;-7;;0.427215 ;1;0;0;0;60;-7;;;;;;;;;;;;;;;;;;;;;;;;;;;;;;;;;;;;;;;;;;;;;;;;;;;;;;;;;;;;;;;;;;;;;;;;;;;;;;;;;;;;;;;;;;;;;;;;;;;;;;;;;;;;;;;;;;;;;;;;;;;;;;;;;;;;;;;;;;;;;;;;;;;;;;;;;;;;;;;;;;;;;;;;;;;;;;;;;;;;;;;;;;;;;;;;;;;;;;;;;;;;;;;;;;;;;;;;
I5-IV5-VII6-I6-III5-VI5-II6-V7+-I5 ; C Major ; Left to right ;Value random;1;0.910740;;;3645;1611;34;10315352;381;35;1;0;0;0;58;-7;;;4056;1817;35;11642702;399;35;;;0.031325 ;1;0;3;2;153;-4;;0.054630 ;1;0;1;2;103;-4;;0.064623 ;1;0;0;1;88;-5;;0.109951 ;1;0;0;0;200;-2;;0.122964 ;1;0;0;0;169;-5;;0.157296 ;1;0;0;0;154;-3;;0.166150 ;1;0;0;0;150;-5;;0.173231 ;1;0;0;0;139;-4;;0.182447 ;1;0;0;0;134;-4;;0.191759 ;1;0;0;0;133;-5;;0.203800 ;1;0;0;0;125;-4;;0.211701 ;1;0;0;0;109;-5;;0.227491 ;1;0;0;0;105;-6;;0.255984 ;1;0;0;0;94;-4;;0.304908 ;1;0;0;0;85;-6;;0.373836 ;1;0;0;0;84;-5;;0.410562 ;1;0;0;0;83;-6;;0.434889 ;1;0;0;0;82;-4;;0.452921 ;1;0;0;0;82;-6;;0.490962 ;1;0;0;0;80;-6;;0.524218 ;1;0;0;0;79;-5;;0.551268 ;1;0;0;0;79;-6;;0.565138 ;1;0;0;0;75;-6;;0.583340 ;1;0;0;0;72;-5;;0.600570 ;1;0;0;0;72;-7;;0.680339 ;1;0;0;0;67;-7;;0.737976 ;1;0;0;0;63;-7;;0.809849 ;1;0;0;0;58;-7;;;;;;;;;;;;;;;;;;;;;;;;;;;;;;;;;;;;;;;;;;;;;;;;;;;;;;;;;;;;;;;;;;;;;;;;;;;;;;;;;;;;;;;;;;;;;;;;;;;;;;;;;;;;;;;;;;;;;;;;;;;;;;;;;;;;;;;;;;;;;;;;;;;;;;;;;;;;;;;;;;;;;;;;;;;;;;;;;;;;;;;;
I5-IV5-VII6-I6-III5-VI5-II6-V7+-I5 ; C Minor ; Left to right ;Value random;1;0.770388;;;2628;1130;27;7374575;302;36;1;0;0;0;60;-7;;;3352;1486;30;9612968;332;36;;;0.028611 ;1;0;3;2;91;-5;;0.042923 ;1;0;3;1;200;-4;;0.064489 ;1;0;1;0;137;-5;;0.079112 ;1;0;1;0;119;-5;;0.087594 ;1;0;0;2;121;-5;;0.096656 ;1;0;0;2;120;-2;;0.103822 ;1;0;0;1;122;-3;;0.112601 ;1;0;0;1;121;-3;;0.128703 ;1;0;0;0;112;-5;;0.149982 ;1;0;0;0;111;-5;;0.158846 ;1;0;0;0;109;-3;;0.177102 ;1;0;0;0;108;-6;;0.190096 ;1;0;0;0;107;-5;;0.224501 ;1;0;0;0;80;-6;;0.362932 ;1;0;0;0;79;-6;;0.378576 ;1;0;0;0;76;-6;;0.432024 ;1;0;0;0;74;-5;;0.460812 ;1;0;0;0;73;-6;;0.508377 ;1;0;0;0;68;-6;;0.544008 ;1;0;0;0;68;-7;;0.560149 ;1;0;0;0;65;-6;;0.610340 ;1;0;0;0;65;-7;;0.624238 ;1;0;0;0;60;-7;;;;;;;;;;;;;;;;;;;;;;;;;;;;;;;;;;;;;;;;;;;;;;;;;;;;;;;;;;;;;;;;;;;;;;;;;;;;;;;;;;;;;;;;;;;;;;;;;;;;;;;;;;;;;;;;;;;;;;;;;;;;;;;;;;;;;;;;;;;;;;;;;;;;;;;;;;;;;;;;;;;;;;;;;;;;;;;;;;;;;;;;;;;;;;;;;;;;;;;;;;;;;;;;;;;;;;;;;;;;;;;;
I5-IV5-VII6-I6-III5-VI5-II6-V7+-I5 ; Csharp Minor ; Left to right ;Value random;1;0.748090;;;3658;1624;33;10444310;316;34;1;0;0;0;60;-7;;;3789;1690;34;10919298;324;34;;;0.006839 ;1;0;1;1;114;-4;;0.016439 ;1;0;0;2;162;-2;;0.024741 ;1;0;0;2;103;-5;;0.043965 ;1;0;0;1;164;-3;;0.060468 ;1;0;0;1;163;-3;;0.068325 ;1;0;0;1;115;-5;;0.102085 ;1;0;0;1;114;-4;;0.114200 ;1;0;0;1;109;-3;;0.126547 ;1;0;0;0;178;-6;;0.131630 ;1;0;0;0;100;-4;;0.137234 ;1;0;0;0;100;-7;;0.143652 ;1;0;0;0;98;-4;;0.153860 ;1;0;0;0;93;-6;;0.226963 ;1;0;0;0;91;-6;;0.261413 ;1;0;0;0;85;-5;;0.272197 ;1;0;0;0;80;-4;;0.287415 ;1;0;0;0;80;-6;;0.294652 ;1;0;0;0;79;-6;;0.304087 ;1;0;0;0;77;-4;;0.334351 ;1;0;0;0;71;-5;;0.381482 ;1;0;0;0;69;-6;;0.404285 ;1;0;0;0;69;-7;;0.417885 ;1;0;0;0;68;-6;;0.452844 ;1;0;0;0;65;-6;;0.573070 ;1;0;0;0;65;-7;;0.644379 ;1;0;0;0;63;-7;;0.720281 ;1;0;0;0;60;-7;;;;;;;;;;;;;;;;;;;;;;;;;;;;;;;;;;;;;;;;;;;;;;;;;;;;;;;;;;;;;;;;;;;;;;;;;;;;;;;;;;;;;;;;;;;;;;;;;;;;;;;;;;;;;;;;;;;;;;;;;;;;;;;;;;;;;;;;;;;;;;;;;;;;;;;;;;;;;;;;;;;;;;;;;;;;;;;;;;;;;;;;;;;;;;;;
I5-IV5-VII6-I6-III5-VI5-II6-V7+-I5 ; E Major ; Left to right ;Value random;1;0.834639;;;1944;840;20;5648477;221;35;1;0;0;0;58;-7;;;3483;1604;23;10738684;257;36;;;0.007237 ;1;0;1;2;169;-3;;0.024800 ;1;0;1;2;129;-3;;0.042058 ;1;0;1;1;205;-2;;0.054314 ;1;0;0;1;187;-3;;0.064471 ;1;0;0;0;118;-3;;0.071778 ;1;0;0;0;94;-5;;0.116061 ;1;0;0;0;88;-6;;0.126858 ;1;0;0;0;84;-7;;0.138732 ;1;0;0;0;76;-5;;0.173740 ;1;0;0;0;72;-7;;0.310370 ;1;0;0;0;68;-6;;0.320171 ;1;0;0;0;63;-7;;0.368645 ;1;0;0;0;62;-7;;0.402913 ;1;0;0;0;58;-7;;;;;;;;;;;;;;;;;;;;;;;;;;;;;;;;;;;;;;;;;;;;;;;;;;;;;;;;;;;;;;;;;;;;;;;;;;;;;;;;;;;;;;;;;;;;;;;;;;;;;;;;;;;;;;;;;;;;;;;;;;;;;;;;;;;;;;;;;;;;;;;;;;;;;;;;;;;;;;;;;;;;;;;;;;;;;;;;;;;;;;;;;;;;;;;;;;;;;;;;;;;;;;;;;;;;;;;;;;;;;;;;;;;;;;;;;;;;;;;;;;;;;;;;;;;;;;;;;;;;;;;;;;;;;;;;;;;;;;;;;;;;;;;;;;;;;;;;
I5-V5-I5-V65-I6-II6-V64-V7+-I5 ; Ab Major ; Left to right ;Value random;1;0.522258;;;1863;794;21;4684482;289;41;2;0;0;1;45;-4;;;2253;988;23;5805604;311;41;;;0.021792 ;2;0;3;1;120;-3;;0.044686 ;2;0;2;1;100;-2;;0.129427 ;2;0;1;1;113;-2;;0.141678 ;2;0;1;1;103;-2;;0.179074 ;2;0;1;1;102;-3;;0.203102 ;2;0;0;1;103;-4;;0.216580 ;2;0;0;1;100;-2;;0.238676 ;2;0;0;1;99;-2;;0.261882 ;2;0;0;1;97;-2;;0.288862 ;2;0;0;1;88;-3;;0.300132 ;2;0;0;1;80;-2;;0.309933 ;2;0;0;1;70;-4;;0.327383 ;2;0;0;1;62;-4;;0.382742 ;2;0;0;1;60;-4;;0.397471 ;2;0;0;1;55;-3;;0.421860 ;2;0;0;1;55;-4;;0.435660 ;2;0;0;1;45;-4;;;;;;;;;;;;;;;;;;;;;;;;;;;;;;;;;;;;;;;;;;;;;;;;;;;;;;;;;;;;;;;;;;;;;;;;;;;;;;;;;;;;;;;;;;;;;;;;;;;;;;;;;;;;;;;;;;;;;;;;;;;;;;;;;;;;;;;;;;;;;;;;;;;;;;;;;;;;;;;;;;;;;;;;;;;;;;;;;;;;;;;;;;;;;;;;;;;;;;;;;;;;;;;;;;;;;;;;;;;;;;;;;;;;;;;;;;;;;;;;;;;;;;;;;;;;;;;;;;;;;;;;;;;;;;;;
I5-V5-I5-V65-I6-II6-V64-V7+-I5 ; Bb Minor ; Left to right ;Value random;1;0.864266;;;3180;1464;22;7686499;261;39;2;0;0;1;45;-4;;;4820;2277;25;12262422;315;39;;;0.056577 ;2;0;1;1;102;-3;;0.082135 ;2;0;1;1;93;-2;;0.098601 ;2;0;1;1;72;-3;;0.166883 ;2;0;0;1;120;-2;;0.177330 ;2;0;0;1;110;-3;;0.256799 ;2;0;0;1;94;-2;;0.263035 ;2;0;0;1;92;-2;;0.274668 ;2;0;0;1;73;-2;;0.287137 ;2;0;0;1;69;-3;;0.304001 ;2;0;0;1;64;-2;;0.343282 ;2;0;0;1;55;-4;;0.361673 ;2;0;0;1;51;-3;;0.569594 ;2;0;0;1;48;-3;;0.590217 ;2;0;0;1;45;-4;;;;;;;;;;;;;;;;;;;;;;;;;;;;;;;;;;;;;;;;;;;;;;;;;;;;;;;;;;;;;;;;;;;;;;;;;;;;;;;;;;;;;;;;;;;;;;;;;;;;;;;;;;;;;;;;;;;;;;;;;;;;;;;;;;;;;;;;;;;;;;;;;;;;;;;;;;;;;;;;;;;;;;;;;;;;;;;;;;;;;;;;;;;;;;;;;;;;;;;;;;;;;;;;;;;;;;;;;;;;;;;;;;;;;;;;;;;;;;;;;;;;;;;;;;;;;;;;;;;;;;;;;;;;;;;;;;;;;;;;;;;;;;;;;;;;;;;;
I5-V5-I5-V65-I6-II6-V64-V7+-I5 ; C Major ; Left to right ;Value random;1;1.242898;;;5797;2789;20;14637266;235;42;2;0;0;1;52;-4;;;5934;2858;21;15073236;241;42;;;0.062223 ;2;0;1;1;107;-2;;0.081060 ;2;0;1;1;93;-2;;0.102879 ;2;0;0;1;98;-2;;0.114620 ;2;0;0;1;81;-2;;0.178097 ;2;0;0;1;79;-1;;0.327539 ;2;0;0;1;73;-3;;0.449074 ;2;0;0;1;62;-4;;0.859384 ;2;0;0;1;61;-4;;0.875499 ;2;0;0;1;58;-3;;0.910459 ;2;0;0;1;57;-4;;1.037481 ;2;0;0;1;55;-3;;1.221893 ;2;0;0;1;52;-4;;;;;;;;;;;;;;;;;;;;;;;;;;;;;;;;;;;;;;;;;;;;;;;;;;;;;;;;;;;;;;;;;;;;;;;;;;;;;;;;;;;;;;;;;;;;;;;;;;;;;;;;;;;;;;;;;;;;;;;;;;;;;;;;;;;;;;;;;;;;;;;;;;;;;;;;;;;;;;;;;;;;;;;;;;;;;;;;;;;;;;;;;;;;;;;;;;;;;;;;;;;;;;;;;;;;;;;;;;;;;;;;;;;;;;;;;;;;;;;;;;;;;;;;;;;;;;;;;;;;;;;;;;;;;;;;;;;;;;;;;;;;;;;;;;;;;;;;;;;;;;;;;;;;;;;;
I5-V5-I5-V65-I6-II6-V64-V7+-I5 ; C Minor ; Left to right ;Value random;1;0.835493;;;3697;1725;21;9236822;269;40;2;0;0;1;45;-4;;;4844;2299;22;12402784;282;40;;;0.058045 ;3;0;3;1;137;-1;;0.069924 ;2;0;3;1;112;-2;;0.079598 ;2;0;0;1;96;-2;;0.112951 ;2;0;0;1;91;-2;;0.154081 ;2;0;0;1;78;-4;;0.245841 ;2;0;0;1;73;-3;;0.283262 ;2;0;0;1;62;-4;;0.348549 ;2;0;0;1;61;-3;;0.377826 ;2;0;0;1;59;-2;;0.419740 ;2;0;0;1;58;-3;;0.445528 ;2;0;0;1;53;-3;;0.462205 ;2;0;0;1;48;-3;;0.643467 ;2;0;0;1;45;-4;;;;;;;;;;;;;;;;;;;;;;;;;;;;;;;;;;;;;;;;;;;;;;;;;;;;;;;;;;;;;;;;;;;;;;;;;;;;;;;;;;;;;;;;;;;;;;;;;;;;;;;;;;;;;;;;;;;;;;;;;;;;;;;;;;;;;;;;;;;;;;;;;;;;;;;;;;;;;;;;;;;;;;;;;;;;;;;;;;;;;;;;;;;;;;;;;;;;;;;;;;;;;;;;;;;;;;;;;;;;;;;;;;;;;;;;;;;;;;;;;;;;;;;;;;;;;;;;;;;;;;;;;;;;;;;;;;;;;;;;;;;;;;;;;;;;;;;;;;;;;;;;
I5-V5-I5-V65-I6-II6-V64-V7+-I5 ; Csharp Minor ; Left to right ;Value random;1;0.642486;;;3008;1385;21;6815763;232;41;2;0;0;1;45;-4;;;4177;1970;22;9690605;239;41;;;0.059434 ;2;0;1;1;95;-2;;0.066934 ;2;0;1;1;89;-3;;0.076103 ;2;0;1;1;81;-3;;0.098560 ;2;0;1;1;76;-3;;0.210892 ;2;0;1;1;72;-3;;0.218280 ;2;0;0;1;79;-1;;0.252946 ;2;0;0;1;78;-2;;0.259040 ;2;0;0;1;78;-4;;0.271573 ;2;0;0;1;63;-3;;0.294027 ;2;0;0;1;60;-4;;0.311428 ;2;0;0;1;55;-4;;0.347580 ;2;0;0;1;53;-3;;0.488099 ;2;0;0;1;45;-4;;;;;;;;;;;;;;;;;;;;;;;;;;;;;;;;;;;;;;;;;;;;;;;;;;;;;;;;;;;;;;;;;;;;;;;;;;;;;;;;;;;;;;;;;;;;;;;;;;;;;;;;;;;;;;;;;;;;;;;;;;;;;;;;;;;;;;;;;;;;;;;;;;;;;;;;;;;;;;;;;;;;;;;;;;;;;;;;;;;;;;;;;;;;;;;;;;;;;;;;;;;;;;;;;;;;;;;;;;;;;;;;;;;;;;;;;;;;;;;;;;;;;;;;;;;;;;;;;;;;;;;;;;;;;;;;;;;;;;;;;;;;;;;;;;;;;;;;;;;;;;;;
I5-V5-I5-V65-I6-II6-V64-V7+-I5 ; E Major ; Left to right ;Value random;1;0.633051;;;2431;1090;20;5960634;255;45;2;0;0;1;45;-4;;;3156;1451;22;8063835;288;45;;;0.031463 ;3;0;4;1;113;-2;;0.062079 ;2;0;1;1;70;-1;;0.157935 ;2;0;1;1;62;-3;;0.169694 ;2;0;1;1;62;-4;;0.256295 ;2;0;1;1;60;-4;;0.287482 ;2;0;0;1;84;-4;;0.321161 ;2;0;0;1;79;-4;;0.335034 ;2;0;0;1;71;-3;;0.345730 ;2;0;0;1;70;-4;;0.353906 ;2;0;0;1;68;-4;;0.379773 ;2;0;0;1;65;-3;;0.395316 ;2;0;0;1;60;-4;;0.464653 ;2;0;0;1;57;-4;;0.491489 ;2;0;0;1;45;-4;;;;;;;;;;;;;;;;;;;;;;;;;;;;;;;;;;;;;;;;;;;;;;;;;;;;;;;;;;;;;;;;;;;;;;;;;;;;;;;;;;;;;;;;;;;;;;;;;;;;;;;;;;;;;;;;;;;;;;;;;;;;;;;;;;;;;;;;;;;;;;;;;;;;;;;;;;;;;;;;;;;;;;;;;;;;;;;;;;;;;;;;;;;;;;;;;;;;;;;;;;;;;;;;;;;;;;;;;;;;;;;;;;;;;;;;;;;;;;;;;;;;;;;;;;;;;;;;;;;;;;;;;;;;;;;;;;;;;;;;;;;;;;;;;;;;;;;;
I5-V5-VI5-I5-III5-VI5-II5-I5-V5 ; Ab Major ; Left to right ;Value random;1;26.073171;;;40154;19755;44;79992755;479;39;0;0;0;1;57;-8;;;179288;89297;52;350509783;550;40;;;0.009123 ;1;0;2;1;178;-4;;0.033199 ;0;0;1;2;206;-4;;0.050550 ;0;0;1;2;200;-2;;0.058486 ;0;0;1;2;128;-1;;0.073356 ;0;0;1;2;127;-6;;0.144696 ;0;0;1;2;126;-2;;0.165862 ;0;0;1;1;141;-5;;0.172226 ;0;0;0;3;126;-1;;0.186265 ;0;0;0;2;177;-1;;0.202615 ;0;0;0;2;165;-1;;0.217045 ;0;0;0;2;159;-1;;0.231280 ;0;0;0;1;196;-4;;0.243922 ;0;0;0;1;127;-1;;0.258642 ;0;0;0;1;125;-4;;0.296012 ;0;0;0;1;123;-4;;0.354806 ;0;0;0;1;120;-5;;0.383192 ;0;0;0;1;119;-4;;0.549987 ;0;0;0;1;118;-3;;0.605397 ;0;0;0;1;111;-7;;0.640250 ;0;0;0;1;106;-7;;0.709830 ;0;0;0;1;93;-4;;0.918704 ;0;0;0;1;84;-7;;1.369304 ;0;0;0;1;81;-6;;2.042368 ;0;0;0;1;81;-7;;2.115301 ;0;0;0;1;76;-7;;2.490495 ;0;0;0;1;72;-6;;4.195385 ;0;0;0;1;71;-7;;4.658350 ;0;0;0;1;67;-7;;6.077444 ;0;0;0;1;57;-8;;;;;;;;;;;;;;;;;;;;;;;;;;;;;;;;;;;;;;;;;;;;;;;;;;;;;;;;;;;;;;;;;;;;;;;;;;;;;;;;;;;;;;;;;;;;;;;;;;;;;;;;;;;;;;;;;;;;;;;;;;;;;;;;;;;;;;;;;;;;;;;;;;;;;;;;;;;;;;;;;;;;;;;;;;;;;;;;
I5-V5-VI5-I5-III5-VI5-II5-I5-V5 ; Bb Minor ; Left to right ;Value random;1;6.142389;;;24365;11983;31;52435463;312;39;0;0;1;1;57;-8;;;37415;18504;34;79926089;349;39;;;0.015818 ;0;1;3;1;192;-4;;0.033148 ;0;1;2;2;138;-3;;0.041571 ;0;1;1;2;153;-3;;0.048799 ;0;0;1;3;180;-4;;0.069211 ;0;0;1;2;82;-4;;0.113714 ;0;0;1;2;82;-5;;0.414355 ;0;0;1;2;75;-7;;0.421713 ;0;0;1;1;126;-3;;1.177505 ;0;0;1;1;112;-6;;1.232058 ;0;0;1;1;108;-2;;1.331531 ;0;0;1;1;88;-3;;1.455976 ;0;0;1;1;85;-7;;2.085767 ;0;0;1;1;81;-5;;2.675211 ;0;0;1;1;76;-4;;2.809407 ;0;0;1;1;72;-5;;3.003855 ;0;0;1;1;70;-8;;3.333269 ;0;0;1;1;67;-7;;3.649494 ;0;0;1;1;62;-8;;4.129603 ;0;0;1;1;57;-8;;;;;;;;;;;;;;;;;;;;;;;;;;;;;;;;;;;;;;;;;;;;;;;;;;;;;;;;;;;;;;;;;;;;;;;;;;;;;;;;;;;;;;;;;;;;;;;;;;;;;;;;;;;;;;;;;;;;;;;;;;;;;;;;;;;;;;;;;;;;;;;;;;;;;;;;;;;;;;;;;;;;;;;;;;;;;;;;;;;;;;;;;;;;;;;;;;;;;;;;;;;;;;;;;;;;;;;;;;;;;;;;;;;;;;;;;;;;;;;;;;;;;;;;;;;;;;;;
I5-V5-VI5-I5-III5-VI5-II5-I5-V5 ; C Major ; Left to right ;Value random;1;30.651358;;;27004;13278;34;58435941;354;39;0;0;0;1;57;-8;;;198972;99230;43;421924712;464;41;;;0.026877 ;0;0;1;3;140;-2;;0.036099 ;0;0;1;2;152;-4;;0.041338 ;0;0;0;2;199;-2;;0.052263 ;0;0;0;1;243;-2;;0.065356 ;0;0;0;1;137;-4;;0.078255 ;0;0;0;1;135;-4;;0.521799 ;0;0;0;1;113;-5;;0.571918 ;0;0;0;1;108;-5;;0.642659 ;0;0;0;1;107;-4;;0.669171 ;0;0;0;1;99;-6;;1.039738 ;0;0;0;1;97;-7;;1.151134 ;0;0;0;1;92;-8;;1.244429 ;0;0;0;1;84;-7;;1.312287 ;0;0;0;1;79;-8;;1.415137 ;0;0;0;1;75;-7;;1.669587 ;0;0;0;1;75;-8;;2.090455 ;0;0;0;1;71;-7;;2.376142 ;0;0;0;1;67;-7;;3.848088 ;0;0;0;1;62;-8;;4.280070 ;0;0;0;1;57;-8;;;;;;;;;;;;;;;;;;;;;;;;;;;;;;;;;;;;;;;;;;;;;;;;;;;;;;;;;;;;;;;;;;;;;;;;;;;;;;;;;;;;;;;;;;;;;;;;;;;;;;;;;;;;;;;;;;;;;;;;;;;;;;;;;;;;;;;;;;;;;;;;;;;;;;;;;;;;;;;;;;;;;;;;;;;;;;;;;;;;;;;;;;;;;;;;;;;;;;;;;;;;;;;;;;;;;;;;;;;;;;;;;;;;;;;;;;;;;;;;;;;;;;;;
I5-V5-VI5-I5-III5-VI5-II5-I5-V5 ; C Minor ; Left to right ;Value random;1;7.049500;;;39689;19653;36;91843198;368;35;0;0;1;1;62;-8;;;42672;21145;37;98384721;379;35;;;0.004948 ;0;0;3;3;187;-6;;0.011541 ;0;0;2;2;221;-1;;0.025035 ;0;0;1;2;203;-1;;0.052212 ;0;0;1;2;171;-5;;0.112120 ;0;0;1;2;128;-1;;0.124757 ;0;0;1;2;124;-7;;0.136409 ;0;0;1;1;136;-3;;0.158121 ;0;0;1;1;98;-3;;0.399039 ;0;0;1;1;89;-6;;1.928572 ;0;0;1;1;84;-7;;2.967813 ;0;0;1;1;83;-6;;3.066373 ;0;0;1;1;78;-4;;3.109413 ;0;0;1;1;78;-6;;4.092024 ;0;0;1;1;73;-5;;4.186288 ;0;0;1;1;72;-5;;4.284343 ;0;0;1;1;72;-7;;5.992873 ;0;0;1;1;68;-6;;6.181662 ;0;0;1;1;67;-7;;6.491922 ;0;0;1;1;67;-8;;6.565744 ;0;0;1;1;62;-8;;;;;;;;;;;;;;;;;;;;;;;;;;;;;;;;;;;;;;;;;;;;;;;;;;;;;;;;;;;;;;;;;;;;;;;;;;;;;;;;;;;;;;;;;;;;;;;;;;;;;;;;;;;;;;;;;;;;;;;;;;;;;;;;;;;;;;;;;;;;;;;;;;;;;;;;;;;;;;;;;;;;;;;;;;;;;;;;;;;;;;;;;;;;;;;;;;;;;;;;;;;;;;;;;;;;;;;;;;;;;;;;;;;;;;;;;;;;;;;;;;;;;;;;
I5-V5-VI5-I5-III5-VI5-II5-I5-V5 ; Csharp Minor ; Left to right ;Value random;1;10.995183;;;70579;35054;40;146660750;393;34;0;0;1;1;62;-8;;;72994;36262;41;151492505;404;34;;;0.007439 ;1;1;1;2;141;-4;;0.012987 ;0;0;2;3;217;-2;;0.019802 ;0;0;2;2;142;-4;;0.041190 ;0;0;1;3;146;-2;;0.053279 ;0;0;1;2;205;-2;;0.061563 ;0;0;1;2;85;-5;;0.094955 ;0;0;1;2;82;-7;;0.213701 ;0;0;1;1;172;-4;;2.419374 ;0;0;1;1;171;-4;;2.436330 ;0;0;1;1;117;-7;;3.445177 ;0;0;1;1;115;-7;;3.456862 ;0;0;1;1;112;-5;;4.258262 ;0;0;1;1;107;-6;;4.278084 ;0;0;1;1;102;-7;;5.795615 ;0;0;1;1;102;-8;;5.807761 ;0;0;1;1;100;-6;;7.033062 ;0;0;1;1;95;-6;;7.156655 ;0;0;1;1;95;-7;;7.295052 ;0;0;1;1;81;-6;;8.203561 ;0;0;1;1;81;-7;;8.278246 ;0;0;1;1;71;-7;;8.601736 ;0;0;1;1;67;-7;;9.129941 ;0;0;1;1;67;-8;;10.664469 ;0;0;1;1;62;-8;;;;;;;;;;;;;;;;;;;;;;;;;;;;;;;;;;;;;;;;;;;;;;;;;;;;;;;;;;;;;;;;;;;;;;;;;;;;;;;;;;;;;;;;;;;;;;;;;;;;;;;;;;;;;;;;;;;;;;;;;;;;;;;;;;;;;;;;;;;;;;;;;;;;;;;;;;;;;;;;;;;;;;;;;;;;;;;;;;;;;;;;;;;;;;;;;;;;;;;;;;;;;;;;;;;;;;;;
I5-V5-VI5-I5-III5-VI5-II5-I5-V5 ; E Major ; Left to right ;Value random;1;22.478803;;;35039;17304;33;65859340;365;38;0;0;0;1;57;-8;;;155025;77270;40;290192458;472;40;;;0.006707 ;0;0;0;1;166;-2;;0.044237 ;0;0;0;1;163;-5;;0.054066 ;0;0;0;1;113;-4;;0.088580 ;0;0;0;1;110;-4;;0.136730 ;0;0;0;1;109;-4;;0.187097 ;0;0;0;1;108;-5;;0.195296 ;0;0;0;1;107;-7;;0.256177 ;0;0;0;1;105;-4;;0.408972 ;0;0;0;1;101;-4;;0.512462 ;0;0;0;1;98;-7;;0.641288 ;0;0;0;1;82;-4;;0.781677 ;0;0;0;1;80;-6;;0.852711 ;0;0;0;1;78;-3;;0.962072 ;0;0;0;1;72;-6;;1.261270 ;0;0;0;1;68;-7;;1.760652 ;0;0;0;1;67;-8;;3.559872 ;0;0;0;1;62;-7;;3.754053 ;0;0;0;1;62;-8;;5.137541 ;0;0;0;1;57;-8;;;;;;;;;;;;;;;;;;;;;;;;;;;;;;;;;;;;;;;;;;;;;;;;;;;;;;;;;;;;;;;;;;;;;;;;;;;;;;;;;;;;;;;;;;;;;;;;;;;;;;;;;;;;;;;;;;;;;;;;;;;;;;;;;;;;;;;;;;;;;;;;;;;;;;;;;;;;;;;;;;;;;;;;;;;;;;;;;;;;;;;;;;;;;;;;;;;;;;;;;;;;;;;;;;;;;;;;;;;;;;;;;;;;;;;;;;;;;;;;;;;;;;;;;;;;;;;;
I5-V5-VI5-I5-VI5-VII6-III5-VI5-II6-V7+-I5 ; Ab Major ; Left to right ;Value random;1;115.635702;;;624122;311433;73;1441360847;959;45;1;0;0;1;81;-8;;;737341;368043;74;1687212087;970;45;;;0.349217 ;3;0;6;3;207;-5;;0.362120 ;1;0;2;3;291;-2;;0.381487 ;1;0;1;2;205;-6;;0.411129 ;1;0;1;2;194;-4;;0.658998 ;1;0;1;2;190;-2;;0.699968 ;1;0;1;2;187;-4;;0.716333 ;1;0;1;2;165;-4;;0.790999 ;1;0;1;2;145;-4;;0.815997 ;1;0;0;2;186;-4;;0.865226 ;1;0;0;2;181;-3;;0.876180 ;1;0;0;1;245;-1;;1.481549 ;1;0;0;1;210;-1;;1.501192 ;1;0;0;1;209;-3;;2.524449 ;1;0;0;1;204;-6;;4.578951 ;1;0;0;1;200;-5;;4.600627 ;1;0;0;1;182;-4;;5.614033 ;1;0;0;1;180;-5;;7.844027 ;1;0;0;1;172;-3;;7.870383 ;1;0;0;1;170;-3;;7.886281 ;1;0;0;1;170;-6;;10.069119 ;1;0;0;1;143;-5;;11.183064 ;1;0;0;1;143;-8;;11.687918 ;1;0;0;1;142;-4;;15.896067 ;1;0;0;1;140;-5;;15.917005 ;1;0;0;1;136;-7;;15.935144 ;1;0;0;1;134;-5;;16.674933 ;1;0;0;1;129;-5;;17.400563 ;1;0;0;1;128;-7;;18.272932 ;1;0;0;1;127;-8;;18.312447 ;1;0;0;1;123;-6;;20.285627 ;1;0;0;1;119;-6;;24.638810 ;1;0;0;1;118;-7;;27.329549 ;1;0;0;1;117;-6;;27.345913 ;1;0;0;1;117;-7;;30.747680 ;1;0;0;1;114;-7;;31.222541 ;1;0;0;1;109;-7;;32.213025 ;1;0;0;1;106;-7;;33.607094 ;1;0;0;1;102;-8;;33.889327 ;1;0;0;1;99;-9;;39.101519 ;1;0;0;1;98;-8;;39.457215 ;1;0;0;1;97;-7;;51.221446 ;1;0;0;1;97;-8;;56.271256 ;1;0;0;1;96;-8;;58.156054 ;1;0;0;1;94;-8;;64.204623 ;1;0;0;1;90;-8;;64.864349 ;1;0;0;1;87;-6;;69.780184 ;1;0;0;1;86;-7;;71.846242 ;1;0;0;1;86;-8;;73.051554 ;1;0;0;1;86;-9;;96.460174 ;1;0;0;1;84;-8;;101.113535 ;1;0;0;1;81;-8
I5-V5-VI5-I5-VI5-VII6-III5-VI5-II6-V7+-I5 ; Bb Minor ; Left to right ;Value random;1;85.096064;;;328877;164097;45;794341765;552;41;1;0;0;1;83;-8;;;484214;241757;48;1154543346;600;41;;;0.009328 ;1;0;0;2;166;-3;;0.036533 ;1;0;0;2;160;-7;;0.079259 ;1;0;0;2;156;-3;;0.135536 ;1;0;0;1;252;-2;;0.178501 ;1;0;0;1;191;-2;;0.222917 ;1;0;0;1;163;-5;;1.621206 ;1;0;0;1;146;-5;;1.644956 ;1;0;0;1;142;-5;;1.656729 ;1;0;0;1;137;-4;;1.779367 ;1;0;0;1;130;-7;;2.134320 ;1;0;0;1;129;-7;;2.603874 ;1;0;0;1;126;-7;;3.952452 ;1;0;0;1;118;-6;;6.572510 ;1;0;0;1;113;-6;;6.626982 ;1;0;0;1;111;-6;;8.488710 ;1;0;0;1;109;-7;;8.776314 ;1;0;0;1;105;-6;;9.215094 ;1;0;0;1;104;-8;;9.881399 ;1;0;0;1;99;-8;;18.942926 ;1;0;0;1;95;-8;;23.424953 ;1;0;0;1;93;-7;;27.277486 ;1;0;0;1;91;-8;;43.273146 ;1;0;0;1;89;-7;;49.603312 ;1;0;0;1;87;-8;;59.597688 ;1;0;0;1;83;-8;;;;;;;;;;;;;;;;;;;;;;;;;;;;;;;;;;;;;;;;;;;;;;;;;;;;;;;;;;;;;;;;;;;;;;;;;;;;;;;;;;;;;;;;;;;;;;;;;;;;;;;;;;;;;;;;;;;;;;;;;;;;;;;;;;;;;;;;;;;;;;;;;;;;;;;;;;;;;;;;;;;;;;;;;;;;;;;;;;;;;;;;;;;;;;;;;;;;;;;;;;;;;;;;
I5-V5-VI5-I5-VI5-VII6-III5-VI5-II6-V7+-I5 ; C Major ; Left to right ;Value random;1;107.758557;;;368413;183796;55;964684843;638;46;1;0;0;1;81;-9;;;609637;304399;58;1565274823;693;46;;;0.032746 ;2;0;2;3;176;-6;;0.055941 ;2;0;0;4;187;-5;;0.074241 ;1;0;1;2;214;-2;;0.091080 ;1;0;1;2;144;-3;;0.110008 ;1;0;1;2;143;-4;;0.154862 ;1;0;0;3;165;-3;;0.202020 ;1;0;0;3;152;-3;;0.258272 ;1;0;0;2;180;-4;;0.271440 ;1;0;0;2;160;-4;;0.320207 ;1;0;0;2;155;-7;;0.330176 ;1;0;0;2;154;-5;;0.405275 ;1;0;0;2;151;-4;;0.418955 ;1;0;0;2;118;-5;;0.925339 ;1;0;0;1;203;-5;;1.607922 ;1;0;0;1;198;-4;;1.637514 ;1;0;0;1;143;-6;;2.751431 ;1;0;0;1;143;-7;;2.789052 ;1;0;0;1;136;-6;;3.789531 ;1;0;0;1;129;-6;;4.891273 ;1;0;0;1;126;-3;;5.860960 ;1;0;0;1;120;-8;;11.746519 ;1;0;0;1;118;-8;;11.877250 ;1;0;0;1;115;-8;;14.982692 ;1;0;0;1;114;-8;;22.232457 ;1;0;0;1;110;-7;;24.429064 ;1;0;0;1;107;-8;;24.557468 ;1;0;0;1;103;-8;;26.530983 ;1;0;0;1;100;-7;;29.273749 ;1;0;0;1;95;-7;;35.750245 ;1;0;0;1;92;-8;;41.897448 ;1;0;0;1;85;-9;;43.316025 ;1;0;0;1;84;-8;;69.649914 ;1;0;0;1;81;-9;;;;;;;;;;;;;;;;;;;;;;;;;;;;;;;;;;;;;;;;;;;;;;;;;;;;;;;;;;;;;;;;;;;;;;;;;;;;;;;;;;;;;;;;;;;;;;;;;;;;;;;;;;;;;;;;;;;;;;;;;;;;;;;;;;;;;;;;;;;;;;;;
I5-V5-VI5-I5-VI5-VII6-III5-VI5-II6-V7+-I5 ; C Minor ; Left to right ;Value random;1;92.780075;;;312096;155710;48;807424274;615;43;1;0;0;1;83;-8;;;515065;257187;51;1322933569;661;43;;;0.029887 ;2;0;2;3;211;-5;;0.058279 ;1;0;3;4;235;-2;;0.076648 ;1;0;2;2;187;-4;;0.096503 ;1;0;2;1;181;-5;;0.112605 ;1;0;1;2;228;-2;;0.124853 ;1;0;1;2;163;-4;;0.142039 ;1;0;0;1;165;-4;;0.241087 ;1;0;0;1;165;-6;;0.270035 ;1;0;0;1;152;-4;;0.380075 ;1;0;0;1;139;-5;;2.643507 ;1;0;0;1;134;-7;;4.186350 ;1;0;0;1;133;-5;;4.337139 ;1;0;0;1;128;-5;;4.367730 ;1;0;0;1;128;-7;;4.566048 ;1;0;0;1;126;-6;;6.400662 ;1;0;0;1;125;-6;;7.364367 ;1;0;0;1;125;-7;;8.385771 ;1;0;0;1;117;-6;;9.903652 ;1;0;0;1;109;-8;;10.516554 ;1;0;0;1;104;-6;;14.426492 ;1;0;0;1;103;-8;;14.902873 ;1;0;0;1;99;-7;;18.304538 ;1;0;0;1;98;-7;;20.687940 ;1;0;0;1;92;-8;;24.267792 ;1;0;0;1;89;-7;;24.661387 ;1;0;0;1;88;-8;;34.631668 ;1;0;0;1;87;-8;;58.621497 ;1;0;0;1;83;-8;;;;;;;;;;;;;;;;;;;;;;;;;;;;;;;;;;;;;;;;;;;;;;;;;;;;;;;;;;;;;;;;;;;;;;;;;;;;;;;;;;;;;;;;;;;;;;;;;;;;;;;;;;;;;;;;;;;;;;;;;;;;;;;;;;;;;;;;;;;;;;;;;;;;;;;;;;;;;;;;;;;;;;;;;;;;;;;;;;;;;;;;
I5-V5-VI5-I5-VI5-VII6-III5-VI5-II6-V7+-I5 ; Csharp Minor ; Left to right ;Value random;1;77.790846;;;197739;98395;62;485883836;657;44;1;0;0;1;83;-8;;;447596;223307;67;1075625858;723;44;;;0.014431 ;2;0;2;3;194;-4;;0.032978 ;2;0;2;3;146;-4;;0.069747 ;2;0;1;3;158;-2;;0.092063 ;1;0;3;2;220;-5;;0.107897 ;1;0;3;2;195;-4;;0.121405 ;1;0;3;2;172;-7;;0.133503 ;1;0;2;3;168;-2;;0.147857 ;1;0;1;3;246;-2;;0.155417 ;1;0;1;2;197;-3;;0.233336 ;1;0;1;2;177;-5;;0.278536 ;1;0;1;1;240;-2;;0.421099 ;1;0;0;2;182;-4;;0.432244 ;1;0;0;2;166;-5;;0.511918 ;1;0;0;2;165;-5;;0.522420 ;1;0;0;2;156;-6;;0.537227 ;1;0;0;2;154;-6;;0.582120 ;1;0;0;2;141;-3;;0.613968 ;1;0;0;1;294;-2;;0.627164 ;1;0;0;1;169;-3;;0.809803 ;1;0;0;1;165;-6;;1.069794 ;1;0;0;1;158;-5;;1.349477 ;1;0;0;1;154;-6;;2.002099 ;1;0;0;1;148;-5;;2.516690 ;1;0;0;1;147;-4;;2.561110 ;1;0;0;1;145;-6;;3.325425 ;1;0;0;1;144;-5;;3.902766 ;1;0;0;1;144;-6;;4.103732 ;1;0;0;1;142;-6;;5.570743 ;1;0;0;1;142;-7;;5.582346 ;1;0;0;1;141;-6;;5.916348 ;1;0;0;1;138;-6;;6.161598 ;1;0;0;1;129;-6;;7.629769 ;1;0;0;1;118;-6;;7.762891 ;1;0;0;1;114;-6;;8.528426 ;1;0;0;1;111;-5;;8.719042 ;1;0;0;1;111;-7;;9.197017 ;1;0;0;1;109;-7;;12.127126 ;1;0;0;1;108;-7;;13.037664 ;1;0;0;1;106;-8;;13.159471 ;1;0;0;1;98;-7;;16.621286 ;1;0;0;1;94;-8;;18.999350 ;1;0;0;1;92;-7;;29.101764 ;1;0;0;1;88;-8;;36.668099 ;1;0;0;1;83;-8;;;;;;;;;;;;;;;;;;;;;;;;;;;;;;;;;;;;;;;;;;;;;;;;;;;;;;;;
I5-V5-VI5-I5-VI5-VII6-III5-VI5-II6-V7+-I5 ; E Major ; Left to right ;Value random;1;119.866340;;;495636;247392;57;1179794028;765;49;1;0;0;1;81;-9;;;738512;368823;60;1732092621;800;49;;;0.012290 ;1;0;2;3;211;-3;;0.035946 ;1;0;1;2;265;-1;;0.047998 ;1;0;0;2;199;-6;;0.067762 ;1;0;0;2;146;-2;;0.116084 ;1;0;0;1;159;-6;;0.134960 ;1;0;0;1;157;-3;;0.836070 ;1;0;0;1;157;-6;;1.208968 ;1;0;0;1;154;-4;;1.403404 ;1;0;0;1;153;-8;;6.911709 ;1;0;0;1;150;-7;;6.932296 ;1;0;0;1;143;-6;;7.349186 ;1;0;0;1;134;-4;;10.217270 ;1;0;0;1;133;-3;;13.121530 ;1;0;0;1;133;-5;;13.477343 ;1;0;0;1;129;-5;;14.758741 ;1;0;0;1;129;-6;;15.618663 ;1;0;0;1;127;-6;;20.302091 ;1;0;0;1;126;-6;;20.541812 ;1;0;0;1;126;-7;;22.271455 ;1;0;0;1;125;-9;;24.695194 ;1;0;0;1;124;-7;;25.501134 ;1;0;0;1;122;-6;;26.701423 ;1;0;0;1;119;-6;;26.863294 ;1;0;0;1;111;-8;;29.958946 ;1;0;0;1;110;-9;;32.290153 ;1;0;0;1;106;-8;;32.774406 ;1;0;0;1;102;-7;;41.750056 ;1;0;0;1;100;-7;;47.046420 ;1;0;0;1;95;-7;;49.753424 ;1;0;0;1;91;-8;;50.307033 ;1;0;0;1;86;-8;;56.562387 ;1;0;0;1;86;-9;;57.326000 ;1;0;0;1;84;-8;;58.850956 ;1;0;0;1;81;-8;;86.164021 ;1;0;0;1;81;-9;;;;;;;;;;;;;;;;;;;;;;;;;;;;;;;;;;;;;;;;;;;;;;;;;;;;;;;;;;;;;;;;;;;;;;;;;;;;;;;;;;;;;;;;;;;;;;;;;;;;;;;;;;;;;;;;;;;;;;;;;;;;;;;;
I5-V6-VI5-V5-IV5-I6-II5-V5-I5-V6-VI5-V5-IV5-V7+-I5 ; Ab Major ; Left to right ;Value random;1;21.252934;;;12205;5591;55;95773709;780;47;1;0;0;0;92;-5;;;22313;10632;60;184385391;836;47;;;0.201108 ;2;0;5;1;278;-3;;0.305839 ;2;0;4;3;250;-5;;0.361578 ;2;0;1;2;249;-5;;0.405819 ;1;0;2;0;354;-2;;0.493416 ;1;0;1;2;282;-4;;0.545232 ;1;0;0;3;251;-4;;0.649266 ;1;0;0;1;213;-4;;0.758968 ;1;0;0;1;205;-4;;0.819701 ;1;0;0;1;203;-3;;0.861749 ;1;0;0;1;202;-4;;0.951736 ;1;0;0;1;201;-4;;1.045067 ;1;0;0;1;200;-4;;1.119140 ;1;0;0;1;198;-4;;1.196257 ;1;0;0;1;196;-4;;1.271136 ;1;0;0;1;185;-4;;1.315306 ;1;0;0;0;262;-2;;1.399960 ;1;0;0;0;245;-3;;1.503600 ;1;0;0;0;236;-3;;1.568082 ;1;0;0;0;231;-3;;1.657882 ;1;0;0;0;225;-3;;1.713529 ;1;0;0;0;224;-2;;1.775702 ;1;0;0;0;216;-3;;1.816695 ;1;0;0;0;207;-2;;1.880520 ;1;0;0;0;205;-4;;1.956055 ;1;0;0;0;203;-3;;1.972434 ;1;0;0;0;190;-4;;2.009140 ;1;0;0;0;160;-5;;2.367774 ;1;0;0;0;154;-4;;2.408617 ;1;0;0;0;151;-5;;2.501300 ;1;0;0;0;147;-3;;2.578677 ;1;0;0;0;144;-5;;2.810246 ;1;0;0;0;137;-5;;2.900842 ;1;0;0;0;136;-5;;2.978491 ;1;0;0;0;134;-3;;3.151960 ;1;0;0;0;134;-5;;4.146172 ;1;0;0;0;130;-4;;5.330277 ;1;0;0;0;124;-5;;5.943559 ;1;0;0;0;117;-5;;6.856541 ;1;0;0;0;114;-4;;7.651641 ;1;0;0;0;114;-5;;7.926748 ;1;0;0;0;111;-4;;8.156779 ;1;0;0;0;111;-5;;8.226864 ;1;0;0;0;104;-5;;9.053109 ;1;0;0;0;100;-5;;10.016558 ;1;0;0;0;97;-5;;10.515498 ;1;0;0;0;94;-5;;11.332505 ;1;0;0;0;92;-5;;;;;;;;;;;;;;;;;;;;;;;;;;;;;;;;
I5-V6-VI5-V5-IV5-I6-II5-V5-I5-V6-VI5-V5-IV5-V7+-I5 ; Bb Minor ; Left to right ;Value random;1;216.704336;;;313944;156388;63;1287368557;1124;56;1;0;1;1;106;-5;;;435109;216971;64;1808403232;1154;56;;;0.028622 ;3;1;2;2;236;-1;;0.092736 ;3;1;2;2;219;-1;;0.252750 ;2;1;1;3;284;-2;;0.513267 ;1;1;2;1;195;-3;;0.578314 ;1;1;1;5;251;-3;;0.621101 ;1;1;1;4;290;-4;;0.706551 ;1;1;1;1;347;-3;;0.788266 ;1;0;4;4;237;-3;;0.872513 ;1;0;4;2;267;-3;;1.040411 ;1;0;4;2;218;-2;;1.117745 ;1;0;4;2;211;-5;;1.303250 ;1;0;3;2;240;-4;;1.382779 ;1;0;3;2;225;-4;;2.232591 ;1;0;1;2;285;-2;;6.780857 ;1;0;1;1;227;-5;;32.179566 ;1;0;1;1;224;-3;;37.536401 ;1;0;1;1;213;-4;;60.832093 ;1;0;1;1;209;-4;;81.034846 ;1;0;1;1;198;-5;;85.700425 ;1;0;1;1;193;-4;;110.731479 ;1;0;1;1;192;-4;;111.007128 ;1;0;1;1;185;-4;;112.100689 ;1;0;1;1;182;-4;;112.190625 ;1;0;1;1;171;-4;;112.378026 ;1;0;1;1;170;-4;;112.630198 ;1;0;1;1;168;-4;;113.811517 ;1;0;1;1;167;-5;;117.729014 ;1;0;1;1;164;-4;;124.155993 ;1;0;1;1;161;-4;;124.270590 ;1;0;1;1;161;-5;;126.198933 ;1;0;1;1;155;-4;;126.289717 ;1;0;1;1;154;-4;;128.984028 ;1;0;1;1;150;-5;;129.060026 ;1;0;1;1;145;-5;;131.921823 ;1;0;1;1;136;-4;;140.978960 ;1;0;1;1;133;-5;;142.348970 ;1;0;1;1;131;-4;;144.843255 ;1;0;1;1;130;-5;;146.670146 ;1;0;1;1;123;-5;;148.420751 ;1;0;1;1;117;-4;;148.810506 ;1;0;1;1;113;-5;;149.915038 ;1;0;1;1;110;-5;;173.742925 ;1;0;1;1;106;-5;;;;;;;;;;;;;;;;;;;;;;;;;;;;;;;;;;;;;;;;;;;;;;;;;;;;;;;;;;;;;;;;
I5-V6-VI5-V5-IV5-I6-II5-V5-I5-V6-VI5-V5-IV5-V7+-I5 ; C Major ; Left to right ;Value random;1;23.583592;;;21004;9990;54;154913667;804;49;1;0;0;0;97;-5;;;25218;12096;56;189166506;825;49;;;0.043963 ;4;0;2;3;222;-1;;0.297592 ;4;0;2;2;294;-1;;0.390581 ;3;0;4;2;253;-4;;0.522288 ;2;0;7;5;278;-3;;0.585464 ;2;0;4;3;302;-3;;0.738971 ;2;0;3;3;267;-3;;0.845248 ;2;0;1;3;345;-3;;0.917463 ;1;0;3;4;286;-3;;0.965809 ;1;0;3;0;206;-3;;1.044782 ;1;0;0;2;244;-4;;1.134785 ;1;0;0;2;208;-4;;1.202724 ;1;0;0;1;232;-2;;1.276934 ;1;0;0;1;197;-4;;1.399288 ;1;0;0;0;251;-3;;1.429791 ;1;0;0;0;234;-4;;1.531624 ;1;0;0;0;213;-3;;1.623908 ;1;0;0;0;207;-5;;1.708792 ;1;0;0;0;193;-3;;1.765908 ;1;0;0;0;185;-3;;1.840516 ;1;0;0;0;171;-5;;1.969532 ;1;0;0;0;164;-4;;2.056005 ;1;0;0;0;160;-5;;2.212585 ;1;0;0;0;157;-4;;2.358136 ;1;0;0;0;155;-5;;2.435525 ;1;0;0;0;151;-4;;2.537960 ;1;0;0;0;151;-5;;2.659166 ;1;0;0;0;150;-5;;2.709614 ;1;0;0;0;147;-5;;2.816845 ;1;0;0;0;145;-4;;3.274070 ;1;0;0;0;143;-5;;4.289205 ;1;0;0;0;141;-5;;4.861271 ;1;0;0;0;140;-5;;6.678748 ;1;0;0;0;136;-5;;6.879202 ;1;0;0;0;131;-5;;7.567517 ;1;0;0;0;128;-5;;8.137473 ;1;0;0;0;122;-4;;8.747411 ;1;0;0;0;119;-5;;9.052636 ;1;0;0;0;114;-5;;9.474317 ;1;0;0;0;111;-5;;11.911291 ;1;0;0;0;109;-5;;13.320973 ;1;0;0;0;108;-4;;13.767603 ;1;0;0;0;108;-5;;17.357598 ;1;0;0;0;104;-5;;19.434139 ;1;0;0;0;97;-5;;;;;;;;;;;;;;;;;;;;;;;;;;;;;;;;;;;;;;;;;;;;;;;;;;;;;;;;
I5-V6-VI5-V5-IV5-I6-II5-V5-I5-V6-VI5-V5-IV5-V7+-I5 ; C Minor ; Left to right ;Value random;1;161.187985;;;201414;100188;57;860207855;801;55;1;0;1;0;139;-5;;;270085;134517;60;1156399429;835;55;;;0.025440 ;4;1;2;4;226;-2;;0.152241 ;3;1;4;2;314;-4;;0.401158 ;2;1;4;1;215;-2;;0.525365 ;1;1;3;2;207;-3;;0.639199 ;1;1;3;1;373;-3;;0.726922 ;1;0;7;2;335;-2;;0.796459 ;1;0;3;3;227;-3;;0.859787 ;1;0;2;1;249;-2;;0.952674 ;1;0;2;1;247;-2;;0.987313 ;1;0;2;1;239;-3;;2.153748 ;1;0;2;1;232;-4;;2.327869 ;1;0;2;1;227;-4;;2.442640 ;1;0;1;3;246;-4;;5.196316 ;1;0;1;3;219;-2;;8.916039 ;1;0;1;2;247;-2;;8.996114 ;1;0;1;2;245;-4;;9.105691 ;1;0;1;1;213;-5;;9.501448 ;1;0;1;1;205;-5;;11.704383 ;1;0;1;1;195;-4;;11.814917 ;1;0;1;1;192;-4;;11.981580 ;1;0;1;0;229;-3;;34.299902 ;1;0;1;0;196;-3;;71.051218 ;1;0;1;0;196;-4;;78.130895 ;1;0;1;0;187;-5;;78.646563 ;1;0;1;0;184;-5;;84.012803 ;1;0;1;0;181;-5;;85.098961 ;1;0;1;0;179;-4;;91.159650 ;1;0;1;0;174;-4;;93.175218 ;1;0;1;0;170;-5;;117.245158 ;1;0;1;0;169;-5;;117.599904 ;1;0;1;0;165;-5;;117.942325 ;1;0;1;0;163;-5;;119.130355 ;1;0;1;0;158;-5;;120.906100 ;1;0;1;0;154;-5;;122.820965 ;1;0;1;0;153;-4;;126.814853 ;1;0;1;0;149;-4;;128.257338 ;1;0;1;0;148;-5;;134.237172 ;1;0;1;0;141;-5;;135.843875 ;1;0;1;0;139;-5;;;;;;;;;;;;;;;;;;;;;;;;;;;;;;;;;;;;;;;;;;;;;;;;;;;;;;;;;;;;;;;;;;;;;;;;;;;;;;;;;;;;;;;;;;;;;;;;
I5-V6-VI5-V5-IV5-I6-II5-V5-I5-V6-VI5-V5-IV5-V7+-I5 ; Csharp Minor ; Left to right ;Value random;1;133.389053;;;165941;82418;64;701702619;891;51;1;0;1;0;139;-5;;;205451;102168;67;867826254;921;54;;;0.055392 ;3;1;1;3;277;-2;;0.193277 ;3;0;5;2;306;-1;;0.265857 ;3;0;4;4;297;-5;;0.314514 ;2;1;3;4;288;-3;;0.422837 ;2;0;4;3;259;-3;;0.448894 ;2;0;4;2;264;-3;;0.520256 ;2;0;4;1;247;-3;;0.699650 ;1;1;4;1;336;-5;;0.750053 ;1;1;3;1;259;-3;;0.813313 ;1;1;3;1;256;-3;;0.902543 ;1;0;5;3;268;-2;;0.945775 ;1;0;2;1;212;-2;;1.035429 ;1;0;2;1;204;-4;;1.428424 ;1;0;1;3;247;-4;;1.687190 ;1;0;1;2;282;-3;;1.873333 ;1;0;1;2;216;-3;;3.508168 ;1;0;1;0;252;-2;;18.960707 ;1;0;1;0;244;-3;;31.486237 ;1;0;1;0;238;-4;;31.541005 ;1;0;1;0;231;-3;;31.783459 ;1;0;1;0;231;-4;;31.992239 ;1;0;1;0;219;-5;;44.893302 ;1;0;1;0;215;-5;;47.953999 ;1;0;1;0;214;-3;;48.068834 ;1;0;1;0;209;-4;;62.506485 ;1;0;1;0;208;-5;;63.926887 ;1;0;1;0;203;-5;;64.793657 ;1;0;1;0;202;-4;;66.084272 ;1;0;1;0;201;-5;;66.853796 ;1;0;1;0;200;-4;;68.283658 ;1;0;1;0;198;-4;;68.444243 ;1;0;1;0;191;-4;;68.931836 ;1;0;1;0;191;-5;;69.619138 ;1;0;1;0;187;-5;;69.880369 ;1;0;1;0;179;-4;;72.955308 ;1;0;1;0;178;-3;;74.409489 ;1;0;1;0;175;-5;;74.546786 ;1;0;1;0;169;-5;;80.510825 ;1;0;1;0;166;-4;;81.542845 ;1;0;1;0;164;-5;;91.496671 ;1;0;1;0;163;-4;;95.158315 ;1;0;1;0;159;-4;;98.582784 ;1;0;1;0;153;-4;;99.324962 ;1;0;1;0;151;-5;;104.609195 ;1;0;1;0;149;-4;;108.048775 ;1;0;1;0;148;-5;;110.653573 ;1;0;1;0;145;-5;;115.788311 ;1;0;1;0;139;-5;;;;;;;;;;;;;;;;;;;;;;;;
I5-V6-VI5-V5-IV5-I6-II5-V5-I5-V6-VI5-V5-IV5-V7+-I5 ; E Major ; Left to right ;Value random;1;22.552060;;;10419;4948;32;72027280;413;41;1;0;0;0;92;-5;;;24773;12110;37;173745108;479;48;;;0.054493 ;2;0;2;1;200;-5;;0.188845 ;1;0;0;1;315;-2;;0.295153 ;1;0;0;0;189;-3;;0.359465 ;1;0;0;0;183;-3;;0.497496 ;1;0;0;0;175;-4;;0.605469 ;1;0;0;0;174;-4;;0.695612 ;1;0;0;0;164;-4;;1.355566 ;1;0;0;0;164;-5;;1.395353 ;1;0;0;0;152;-4;;1.422481 ;1;0;0;0;148;-3;;1.495637 ;1;0;0;0;137;-4;;1.656988 ;1;0;0;0;128;-4;;2.250787 ;1;0;0;0;121;-4;;3.268973 ;1;0;0;0;117;-5;;3.364070 ;1;0;0;0;108;-5;;3.459136 ;1;0;0;0;107;-4;;3.575414 ;1;0;0;0;107;-5;;6.541694 ;1;0;0;0;104;-5;;6.655177 ;1;0;0;0;102;-4;;7.853057 ;1;0;0;0;97;-5;;9.047743 ;1;0;0;0;94;-5;;9.671094 ;1;0;0;0;92;-5;;;;;;;;;;;;;;;;;;;;;;;;;;;;;;;;;;;;;;;;;;;;;;;;;;;;;;;;;;;;;;;;;;;;;;;;;;;;;;;;;;;;;;;;;;;;;;;;;;;;;;;;;;;;;;;;;;;;;;;;;;;;;;;;;;;;;;;;;;;;;;;;;;;;;;;;;;;;;;;;;;;;;;;;;;;;;;;;;;;;;;;;;;;;;;;;;;;;;;;;;;;;;;;;;;;;;;;;;;;;;;;;;;;;;;;;